example,quote,change,tag,доп. тег,комментарии
"В последним предложении он пишет про нас можно сказать, что мы состовляем как бы исключение среди народов.",состовляем,составляем,Ortho,,
"В последним предложении он пишет про нас можно сказать, что мы состовляем как бы исключение среди народов.",последним,последнем,Infl,,"Infl+Subst, ср.В статье не говорять о побочним действиях нелегальных наркотиках"
Я сразу выхожу из комнати и откриваю холодильник чтобы ведеть что остается.,комнати,комнаты,Gov,,
Я сразу выхожу из комнати и откриваю холодильник чтобы ведеть что остается.,откриваю,открываю,Ortho,,
Я сразу выхожу из комнати и откриваю холодильник чтобы ведеть что остается.,ведеть,видеть,Ortho,,
И она дала отпор смерте.,смерте,смерти,Infl,,
В начале двадцатого века в Америке продажа акогола стала нелегальной.,алкогола,алкоголь,Infl,,
В начале двадцатого века в Америке продажа акогола стала нелегальной.,акогола,алкоголь,Ortho,Miss,
"В 1963 он был аресторан, и в следущом году был суд.",аресторан,арестован,Ortho,Subst,замена в на р
"В 1963 он был аресторан, и в следущом году был суд.",следущом,следующем,Ortho,Misspell,
"Парни боятся, что их выганют из школы, но всё равно хотят показать своё уважение к своему бывшему профессору и другу.",выганют,выгонят,Infl,,
Первие признаки осеньи видны на деревьях золотистами цветами.,первие,первые,Infl,,
Первие признаки осеньи видны на деревьях золотистами цветами.,осеньи,осени,Infl,,
Первие признаки осеньи видны на деревьях золотистами цветами.,золотистами,золотистыми,Ortho,,
Первие признаки осеньи видны на деревьях золотистами цветами.,,,,,"видны не может управлять творительным падежом(Gov). Что делать, если золотистыми цветами здесь вообще лишнее? Получается, что правильная форма это ее отсутствие."
"Он хороший пример "" лишного человека"" русской литературы XIX века.",лишного,лишнего,Infl,,
"В Швеции, фирма Ерикссон требует новых рабочых, кто знают много о технологии и так дале - может быть я стремлюсь найти работу в той фирме.",рабочых,рабочих,Ortho,,
"В Швеции, фирма Ерикссон требует новых рабочых, кто знают много о технологии и так дале - может быть я стремлюсь найти работу в той фирме.",дале,далее,Ortho,Miss,
"Во всяком случае я очень довольна обучениям, которое я получила там.",обучениям,обучению,Gov,,"выглядит еще как форма множественного числа, но ""которое"" согласуется по единственному"
"Давним давно семья мыши, которые жили счастливо в мышей страна, столкнулся с серьезной проблемой.",мыши,мышей,Gov,,
"Давним давно семья мыши, которые жили счастливо в мышей страна, столкнулся с серьезной проблемой.",давним,давным,Ortho,,"еще можно думать про Infl, т к давний "
"Давним давно семья мыши, которые жили счастливо в мышей страна, столкнулся с серьезной проблемой.",страна,стране,Gov,,
Ну рабочие место я получила.,рабочие,рабочее,Ortho,,
В прошлом летом я отдыхала с молодом человеком в Грузии.,,,Ortho,,"Больше похоже на ошибку в употреблении предога -- добавление его там, где его не должно быть, или на ошибку в конструкции(ср. как в образце разметки: На большей части моей жизни > Большую часть). Как и в ошибках с конструкциями, эта ошибка затрагивает "" выбор или форму более одной единицы или связана с пропуском/добавлением единицы"""
До школи я била в детском саду.,школи,школы,Infl,,
До школи я била в детском саду.,била,была,Ortho,,
"Это было для меня важным занятиям, и я ходила много раз в неделю на тренировки.",занятиям,занятием,Gov,,
Я хорошо училась и была замечательни студент.,замечательни,замечательный,Infl,,Subst?
"Чем больше Вы будите улыбаться, тем больше Вы начнете чувствовать себя счастливым.",будите,будете,Ortho,,"можно еще думать про Infl, т.к. у глагола быть в парадигме отсутствует окончание на -ите."
"Язык не мертвой, он живой, и постоянно изменяющийся.",мертвой,мертвый,Ortho,,Infl ?
Последная важная информация о мне – моя фамилия.,последная,последняя,Infl,,предлог о вместо обо -- какая ошибка?
Этам летом я буду работаю.,этам,этим,Infl,,буду работаю ?
"Сдраствуйте, на этой недели не получится прийти, но на следущей я могла бы прийти в понедельник после четырёх?",Сдраствуйте,Здравствуйте,Ortho,,
"Сдраствуйте, на этой недели не получится прийти, но на следущей я могла бы прийти в понедельник после четырёх?",недели,неделе,Ortho,,"Может еще Gov, если пишущий не знает, что на требует творительного падежа и поэтому намеренно поставил в родительный. "
"Сдраствуйте, на этой недели не получится прийти, но на следущей я могла бы прийти в понедельник после четырёх?",следущей,следующей,Ortho,Misspell,
С моим друг играим футбол.,друг,другом,Gov,,
С моим друг играим футбол.,играим,играем,Ortho,,"можно еще думать про Infl, т.к. у глагола играть в парадигме отсутствует окончание на -им. "
С моим друг играим футбол.,футбол,в футбол,Gov,Miss,
"Однако менталитеты оставлся очень традиционнами, и женщины работали 15 часа больше, чем мужчины каждое недело, в заводе и дома.",оставлся,оставались,Ortho,Misspell,
"Однако менталитеты оставлся очень традиционнами, и женщины работали 15 часа больше, чем мужчины каждое недело, в заводе и дома.",традиционнами,традиционными,Ortho,,Infl ?
"Однако менталитеты оставлся очень традиционнами, и женщины работали 15 часа больше, чем мужчины каждое недело, в заводе и дома.",,,Ortho,,на 15 часов больше -- ?
"Однако менталитеты оставлся очень традиционнами, и женщины работали 15 часа больше, чем мужчины каждое недело, в заводе и дома.",недело,неделю,Infl,,
"В США тинейджеры могут работать с шестнадцати лет и найти работу достаточно легко, однако с высшим образованием в США можно получить болеепрестижную и высокооплачиваимаю рботу.",болеепрестижную,более престижную,Ortho,Space,
"В США тинейджеры могут работать с шестнадцати лет и найти работу достаточно легко, однако с высшим образованием в США можно получить болеепрестижную и высокооплачиваимаю рботу.",высокооплачиваимаю,высокооплачиваемую,Ortho,,
Я в них ен разбираюсь и не знаю какой телефон лучше всех или какой компьютер с самыми лучшеми особенностьями.,ен,не,Ortho,Transp,
Я в них ен разбираюсь и не знаю какой телефон лучше всех или какой компьютер с самыми лучшеми особенностьями.,лучшеми ,лучшими,Ortho,,Infl ?
Я в них ен разбираюсь и не знаю какой телефон лучше всех или какой компьютер с самыми лучшеми особенностьями.,особенностьями,особенностями,Ortho,Extra,Infl ?
"Один из моих любимих писателей- бразильский писатель, поэт и прозаик Пауло Коэльо.",любимих,любимых,Infl,Subst,
"В последнии дни мама пыталась пугать меня, спрашивала не страшно ли мне, как я справлюсь, не буду ли скучать, не передумала ли я. Наверно около года папа и мама каждый день звонили мне.",последнии,последние,Ortho,,
,,,Ortho,,
"Больше всего от таких условиев страдают дети, ведь они даже не понимают почему такое случается.",условиев,условий,Infl,,
Первый раз мы провели время вместе было_ когда у меня был вопрос о домашной работе.,домашной,домашней,Infl,,
В самом новом дополнение Natural Disaster будут природные катастрофы.,дополнение,дополнении,Ortho,,"Навряд ли Gov, т.к. у прилагательного падеж верный. Все равно Ortho, даже если пишущий не может не знать форму твор.п. у существительного?"
"На данный момент я скучаю по фигурному катанию, по ледовому, по работе тренером и по фигуристом.",фигуристом,фигуристам,Ortho,,
В обеeх городах я работал в садике с детми.,обеех,обеих,Ortho,,Infl ?
В обеeх городах я работал в садике с детми.,детми,детьми,Ortho,Miss,
После обеда он немного читал газету и потом он начал писать письмо маму.,маму,маме,Gov,,
"Уже давно назад тому, когда я вспоминала своеи ранные годы в школе.",своеи ,свои,Ortho,,Infl ?
"Уже давно назад тому, когда я вспоминала своеи ранные годы в школе.",ранные,ранние,Infl,,
Парки там более зелёние и хорошие чем в Стонкгольм.,зелёние,зелёные,Infl,,
Парки там более зелёние и хорошие чем в Стонкгольм.,Стонкгольм,Стокгольме,Ortho,Translit,
Парки там более зелёние и хорошие чем в Стонкгольм.,Стонкгольм,Стокгольме,Gov,,"Здесь пишущий интерпретирует топоним как неизменяемый, то есть это касается незнания парадигмы слова или не знает управление предлога в(в значении места, а не направления, и тогда ошибка Gov)? Какая ошибка в первом случае? Не Infl, т.к. данная форма в парадигме есть."
"В настоящим мире на улице кто-то идёт один, кто-то в компании в бар или клуб.",настоящим,настоящим,Ortho,,
Все люди ходят в хорошом настроений.,хорошом,хорошем,Infl,,Ortho?
Все люди ходят в хорошом настроений.,настроений,настроении,Gov,,
Мой любимой вид спорта- настольный теннис.,любимой,любимый,Ortho,,Infl ?
"Многое, что мы знаем, передалось нам от древнех времён.",древнех,древних,Ortho,,Infl ?
Надо только сравнивать жизни финнов с жизнью африканцов.,африканцов,африканцев,Infl,,Ortho?